name,mbid,url,image_small
Ar Ruhul Jadid,,https://www.last.fm/music/Ar+Ruhul+Jadid,
Andreas Ruhula,,https://www.last.fm/music/Andreas+Ruhula,
Ruhul Jadid,,https://www.last.fm/music/Ruhul+Jadid,
Ar-Ruhul Jadid,,https://www.last.fm/music/Ar-Ruhul+Jadid,
Ruhul Anwar Dipu,,https://www.last.fm/music/Ruhul+Anwar+Dipu,
Andreas Ruhula Feat. Anjali,,https://www.last.fm/music/Andreas+Ruhula+Feat.+Anjali,
Ruhul Millah,,https://www.last.fm/music/Ruhul+Millah,
Ruhullah Sewell Mahammad & Igor Petrashevskhy,,https://www.last.fm/music/Ruhullah+Sewell+Mahammad+&+Igor+Petrashevskhy,
Muna and Ruhullah Bahari,,https://www.last.fm/music/Muna+and+Ruhullah+Bahari,
AsHik RuHul,,https://www.last.fm/music/AsHik+RuHul,
Ruhul360 Official,,https://www.last.fm/music/Ruhul360+Official,
Ruhull Ami,,https://www.last.fm/music/Ruhull+Ami,
RUHUL TOYS,,https://www.last.fm/music/RUHUL+TOYS,
Dr. Ruhul Amin,,https://www.last.fm/music/Dr.+Ruhul+Amin,
Exclusive By Ruhul Amin 01821930834,,https://www.last.fm/music/Exclusive+By+Ruhul+Amin+01821930834,
Md.Ruhul amin Shawon,,https://www.last.fm/music/Md.Ruhul+amin+Shawon,
H.N. Ashiqur Ruhullah,,https://www.last.fm/music/H.N.+Ashiqur+Ruhullah,
AR RUHUL JADID (encoded by rudi),,https://www.last.fm/music/AR+RUHUL+JADID+(encoded+by+rudi),
"Sima Bina, Lutfu'llah Majd, Ruhu'llah Khaliqi",,"https://www.last.fm/music/Sima+Bina,+Lutfu%27llah+Majd,+Ruhu%27llah+Khaliqi",
Top 20 | Dr. Salman Mahi Ruhul Kowser | Audition Round | Detos Rapstar,,https://www.last.fm/music/Top+20+%7C+Dr.+Salman+Mahi+Ruhul+Kowser+%7C+Audition+Round+%7C+Detos+Rapstar,
